"firstname","email","customer_id","order_id","trx_status","audioRef"
,"chfajard@gmail.com",,,,"https://storage.googleapis.com/madres-2d8e4.appspot.com/audios/1713218324374.mp3"
,"chfajard@gmail.com",,,,"https://storage.googleapis.com/madres-2d8e4.appspot.com/audios/1713225565585.wav"
,"test@test.com",,,,"https://storage.googleapis.com/madres-2d8e4.appspot.com/audios/1713364617581.wav"
,"test@test.com",,,,"https://storage.googleapis.com/madres-2d8e4.appspot.com/audios/1713365295908.wav"
,"test@test.com",,,,"https://storage.googleapis.com/madres-2d8e4.appspot.com/audios/1713365900129.wav"
,"test@test.com",,,,"https://storage.googleapis.com/madres-2d8e4.appspot.com/audios/1713366405604.mp3"
,"test@test.com",,,,"https://storage.googleapis.com/madres-2d8e4.appspot.com/audios/1713366907041.mp3"
"test",,,,,"https://storage.googleapis.com/madres-2d8e4.appspot.com/audios/1713890544954.mp3"
"test",,,,,"https://storage.googleapis.com/madres-2d8e4.appspot.com/audios/1713890657338.mp3"
"test4512",,,,,"https://storage.googleapis.com/madres-2d8e4.appspot.com/audios/1713891040006.mp3"
"test9999",,,,,"https://storage.googleapis.com/madres-2d8e4.appspot.com/audios/1713891428724.mp3"
"test",,,,,"https://storage.googleapis.com/madres-2d8e4.appspot.com/audios/1713892255542.mp3"
"test",,,,,"https://storage.googleapis.com/madres-2d8e4.appspot.com/audios/1713892731065.mp3"
"test",,,,,"https://storage.googleapis.com/madres-2d8e4.appspot.com/audios/1713906879278.mp3"
"jeff","test@test.com",,,,"https://storage.googleapis.com/madres-2d8e4.appspot.com/audios/1713909357454.mp3"
"Sonia","stellapantoja578+an8@gmail.com","Sonia477195","000004522500","canceled","https://storage.googleapis.com/madres-2d8e4.appspot.com/audios/1713973232206.mp3"
"Marito","mahcsp5@yopmail.com",,,,"https://storage.googleapis.com/madres-2d8e4.appspot.com/audios/1713984571609.mp3"
"testhoy","test@test.com","testhoy833880","000004522500","aprobada","https://storage.googleapis.com/madres-2d8e4.appspot.com/audios/1714055434717.mp3"
"Mariano","mahcsp5@yopmail.com",,,,"https://storage.googleapis.com/madres-2d8e4.appspot.com/audios/1714055933632.mp3"
"test","test@test.com","test110862","","","https://storage.googleapis.com/madres-2d8e4.appspot.com/audios/1714056863062.mp3"
"test","test@test.com","test847690","","","https://storage.googleapis.com/madres-2d8e4.appspot.com/audios/1714067427313.mp3"
"testhoy","test@test.com","testhoy285302","","","https://storage.googleapis.com/madres-2d8e4.appspot.com/audios/1714067514166.mp3"
"testhoy","test@test.com","testhoy237948","","","https://storage.googleapis.com/madres-2d8e4.appspot.com/audios/1714067577805.mp3"
"testhoy","test@test.com","testhoy328625","","","https://storage.googleapis.com/madres-2d8e4.appspot.com/audios/1714067971574.mp3"
"Daniel","ingeniero.master99@interrapidisimo.com",,,,"https://storage.googleapis.com/madres-2d8e4.appspot.com/audios/1714072621258.mp3"
"test","test@test.com","test822012","","","https://storage.googleapis.com/madres-2d8e4.appspot.com/audios/1714073474414.mp3"
"Daniel","Pruebadaniel@gmial.com","Daniel789832","","","https://storage.googleapis.com/madres-2d8e4.appspot.com/audios/1714079796793.mp3"
"test","test@test.com","test920273","","","https://storage.googleapis.com/madres-2d8e4.appspot.com/audios/1714080012848.mp3"
"Daniel","alcarrito@yopmail.com","Daniel694052","","","https://storage.googleapis.com/madres-2d8e4.appspot.com/audios/1714080021109.mp3"
"Mario","osomario@yopmail.com","Mario259294","000004882","approved","https://storage.googleapis.com/madres-2d8e4.appspot.com/audios/1714080295182.mp3"
"test","test@test.com","test460740","","","https://storage.googleapis.com/madres-2d8e4.appspot.com/audios/1714081225913.mp3"
"test","test@test.com","test960993","","","https://storage.googleapis.com/madres-2d8e4.appspot.com/audios/1714081600023.mp3"
"Carlos Test","carlostest@yopmail.com","Carlos Test344671","000004885","approved","https://storage.googleapis.com/madres-2d8e4.appspot.com/audios/1714081668066.mp3"
"test","test@test.com","test446578","000004522500","approved","https://storage.googleapis.com/madres-2d8e4.appspot.com/audios/1714082706426.mp3"
"Sargento Distante","sargentodistante@yopmail.com","Sargento Distante531762","000004894","approved","https://storage.googleapis.com/madres-2d8e4.appspot.com/audios/1714083054288.mp3"
"Sargento Jungla","sargentojungla@yopmail.com","Sargento Jungla254036","000004897","canceled","https://storage.googleapis.com/madres-2d8e4.appspot.com/audios/1714085045887.mp3"
"cabo test","cabotest@yopmail.com","cabo test979500","000004900","approved","https://storage.googleapis.com/madres-2d8e4.appspot.com/audios/1714085311921.mp3"
"test","stellapantoja578+an8@gmail.com","test620360","000004522500","approved","https://storage.googleapis.com/madres-2d8e4.appspot.com/audios/1714093152779.mp3"
"test","stellapantoja578+an8@gmail.com","test306380","000004522500","approved","https://storage.googleapis.com/madres-2d8e4.appspot.com/audios/1714138469505.mp3"
"Isaac","test@test.com","Isaac905144","000004522500","approved","https://storage.googleapis.com/madres-2d8e4.appspot.com/audios/1714139498020.mp3"
"Edwin","gerente.publicidad@interrapidisimo.com","Edwin575165","","","https://storage.googleapis.com/madres-2d8e4.appspot.com/audios/1714141497646.mp3"
"PRueba40","test@test.com","PRueba40149045","000004522500","approved","https://storage.googleapis.com/madres-2d8e4.appspot.com/audios/1714142607054.mp3"
"test","test@test.com","test696355","","","https://storage.googleapis.com/madres-2d8e4.appspot.com/audios/1714143718985.mp3"
"test","test@test.com","test637982","","","https://storage.googleapis.com/madres-2d8e4.appspot.com/audios/1714149775165.mp3"
"test","test@test.com","test860746","","","https://storage.googleapis.com/madres-2d8e4.appspot.com/audios/1714151531259.mp3"
"test","test@test.com","test420904","","","https://storage.googleapis.com/madres-2d8e4.appspot.com/audios/1714166636193.mp3"
"test","test@test.com","","","","https://storage.googleapis.com/madres-2d8e4.appspot.com/audios/1714166677943.mp3"
"jeff","test@test.com","jeff621460","000004522500","approved","https://storage.googleapis.com/madres-2d8e4.appspot.com/audios/1714402919015.mp3"
"Jefferson ","jeferssonabv@gmail.com","Jefferson 981470","","","https://storage.googleapis.com/madres-2d8e4.appspot.com/audios/1714438002233.mp3"
"testhoy","test@test.com","testhoy980559","","","https://storage.googleapis.com/madres-2d8e4.appspot.com/audios/1714485596057.mp3"
"test","test@test.com","test658824","","","https://storage.googleapis.com/madres-2d8e4.appspot.com/audios/1714485777210.mp3"
"testds","test14544@test.com","testds216422","000003711","approved","https://storage.googleapis.com/madres-2d8e4.appspot.com/audios/1714511128293.mp3"
"test","test@test.com","test964476","000003711","approved","https://storage.googleapis.com/madres-2d8e4.appspot.com/audios/1714512095406.mp3"
"Andrés Prqda","eswinr006@gmail.com","Andrés Prqda257854","","","https://storage.googleapis.com/madres-2d8e4.appspot.com/audios/1714546771257.mp3"
"ginna","gimens26@gmail.com","ginna398995","","","https://storage.googleapis.com/madres-2d8e4.appspot.com/audios/1714655209616.mp3"
"camila","Gerente.publicidad@interrapidisimo.com","","","","https://storage.googleapis.com/madres-2d8e4.appspot.com/audios/1714657263339.mp3"
"Gina","test@test.com","Gina651491","000003711","rejected","https://storage.googleapis.com/madres-2d8e4.appspot.com/audios/1714658636229.mp3"
"Niko","test@test.com","Niko825925","","rejected","https://storage.googleapis.com/madres-2d8e4.appspot.com/audios/1714663244349.mp3"
"test","test@test.com","test539716","","","https://storage.googleapis.com/madres-2d8e4.appspot.com/audios/1714665234158.mp3"
"Prueba","pp@yopmail.com","Prueba524497","","","https://storage.googleapis.com/madres-2d8e4.appspot.com/audios/1714667284089.mp3"
"Prueba","pruebaqa@yopmail.com","Prueba236767","","","https://storage.googleapis.com/madres-2d8e4.appspot.com/audios/1714667501357.mp3"
"pruebaQa","pruebaqa@yopmail.com","pruebaQa572876","","","https://storage.googleapis.com/madres-2d8e4.appspot.com/audios/1714667612403.mp3"
"pruebaQa","pruebaqa@yopmail.com","pruebaQa451304","","","https://storage.googleapis.com/madres-2d8e4.appspot.com/audios/1714668047024.mp3"
"pruebaQa","pruebaqa@yopmail.com","pruebaQa307705","000004942","approved","https://storage.googleapis.com/madres-2d8e4.appspot.com/audios/1714668514577.mp3"
"test","test@test.com","test982769","000004945","approved","https://storage.googleapis.com/madres-2d8e4.appspot.com/audios/1714668883833.mp3"
"ginna","gimens26@gmail.com","ginna324483","","","https://storage.googleapis.com/madres-2d8e4.appspot.com/audios/1714676719526.mp3"
"juan pruebas","juanp@yopmail.com","juan pruebas437363","","","https://storage.googleapis.com/madres-2d8e4.appspot.com/audios/1714680228902.mp3"
"pruebaQa","carga@yopmail.com","pruebaQa676761","000004948","approved","https://storage.googleapis.com/madres-2d8e4.appspot.com/audios/1714680458564.mp3"
"PruebaAlcarrito","Prueba@preuba.com","PruebaAlcarrito416120","000004951","approved","https://storage.googleapis.com/madres-2d8e4.appspot.com/audios/1714680799023.mp3"
"test","test@test.com","test320051","","","https://storage.googleapis.com/madres-2d8e4.appspot.com/audios/1714681279949.mp3"
"cabo test","cabotest@yopmail.com","cabo test923223","","","https://storage.googleapis.com/madres-2d8e4.appspot.com/audios/1714682679213.mp3"
"pruebaQa","cabotest@yopmail.com","pruebaQa974246","","","https://storage.googleapis.com/madres-2d8e4.appspot.com/audios/1714685524637.mp3"
"pruebaQa","cabotest@yopmail.com","pruebaQa974246","","","https://storage.googleapis.com/madres-2d8e4.appspot.com/audios/1714685556246.mp3"
"Sargento Jungla","cabotest@yopmail.com","Sargento Jungla642301","","","https://storage.googleapis.com/madres-2d8e4.appspot.com/audios/1714686443429.mp3"
"pruebaQa","cabotest@yopmail.com","pruebaQa757430","","","https://storage.googleapis.com/madres-2d8e4.appspot.com/audios/1714686857657.mp3"
"pruebaQa","cabotest@yopmail.com","pruebaQa559541","","","https://storage.googleapis.com/madres-2d8e4.appspot.com/audios/1714686984897.mp3"
"juan pruebas","juanp@yopmail.com","juan pruebas227026","000004954","approved","https://storage.googleapis.com/madres-2d8e4.appspot.com/audios/1714687471576.mp3"
"juan pruebas","sargentojungla@yopmail.com","juan pruebas650248","","","https://storage.googleapis.com/madres-2d8e4.appspot.com/audios/1714690186701.mp3"
"peter","pruebas@yopmail.com","peter527781","","","https://storage.googleapis.com/madres-2d8e4.appspot.com/audios/1714690378003.mp3"